,bus,in_service,vm_pu,p_mw,max_p_mw,min_p_mw,min_q_mvar,max_q_mvar,c2,c1,c0
1,1,1,1.0,0.0,10.0,0.0,-10.0,10.0,0.0,20.0,0.0
2,12,1,1.0,0.0,0.7430000000000001,0.0,-0.07430000000000002,0.07430000000000002,0.0,0.0,0.0
3,29,1,1.0,0.0,0.7430000000000001,0.0,-0.07430000000000002,0.07430000000000002,0.0,0.0,0.0
4,23,1,1.0,0.0,0.7430000000000001,0.0,-0.07430000000000002,0.07430000000000002,0.0,0.0,0.0
5,20,1,1.0,0.0,0.7430000000000001,0.0,-0.07430000000000002,0.07430000000000002,0.0,0.0,0.0
