,bus,in_service,vm_pu,p_mw,max_p_mw,min_p_mw,min_q_mvar,max_q_mvar,c2,c1,c0
1,1,1,1.0,0.0,10.0,0.0,-10.0,10.0,0.0,20.0,0.0
2,18,1,1.0,0.0,1.1145,0.0,-0.11145000000000001,0.11145000000000001,0.0,0.0,0.0
3,22,1,1.0,0.0,1.1145,0.0,-0.11145000000000001,0.11145000000000001,0.0,0.0,0.0
4,25,1,1.0,0.0,1.1145,0.0,-0.11145000000000001,0.11145000000000001,0.0,0.0,0.0
5,33,1,1.0,0.0,1.1145,0.0,-0.11145000000000001,0.11145000000000001,0.0,0.0,0.0
